order_id,date,product,price,qty,zip,revenue
1254,2026-04-06,mug,11.36,4,60614,45.44
1057,2026-05-30,charger,14.79,3,30303,44.37
1150,2026-05-06,mug,5.5,1,10001,5.5
1066,2026-05-30,notebook,37.53,1,98101,37.53
1114,2026-04-06,webcam,45.59,4,90405,182.36
1280,2026-04-22,pen set,37.53,4,30303,150.12
1204,2026-04-18,charger,8.41,2,2134,16.82
1249,2026-05-15,keyboard,75.04,4,90405,300.16
1037,2026-05-19,mug,9.31,2,60614,18.62
1177,2026-05-13,mug,10.11,3,90210,30.33
1081,2026-04-18,webcam,140.93,5,10001,704.6500000000001
1237,2026-05-17,monitor,154.27,4,60614,617.08
1269,2026-04-06,backpack,41.46,1,30303,41.46
1108,2026-05-16,desk lamp,21.63,5,2116,108.14999999999999
1273,2026-05-21,notebook,8.69,3,98101,26.07
1220,2026-05-03,monitor,228.63,4,30303,914.52
1003,2026-04-11,keyboard,61.22,3,30303,183.66
1080,2026-05-16,monitor,169.09,2,60614,338.18
1169,2026-05-04,keyboard,40.71,1,90405,40.71
1179,2026-05-10,desk lamp,38.3,5,90210,191.5
1091,2026-05-30,keyboard,50.9,2,60614,101.8
1090,2026-05-01,keyboard,53.07,1,2116,53.07
1193,2026-04-24,webcam,66.17,5,90210,330.85
1276,2026-05-14,mug,7.64,3,30303,22.919999999999998
1074,2026-04-30,headphones,46.25,2,2134,92.5
1011,2026-05-18,webcam,80.64,2,90210,161.28
1147,2026-05-01,headphones,36.37,5,2134,181.85
1102,2026-04-27,desk lamp,21.07,2,10001,42.14
1065,2026-05-14,mug,13.34,1,98101,13.34
1104,2026-04-27,headphones,52.59,2,10001,105.18
1088,2026-04-28,pen set,37.53,2,2134,75.06
1014,2026-05-17,charger,18.14,4,98101,72.56
1141,2026-05-29,desk lamp,31.2,1,30303,31.2
1160,2026-04-09,desk lamp,47.28,3,90210,141.84
1164,2026-05-28,headphones,146.46,4,60614,585.84
1279,2026-05-10,webcam,72.49,1,10001,72.49
1002,2026-05-01,mug,7.16,4,90210,28.64
1148,2026-04-14,notebook,7.08,4,30303,28.32
1055,2026-04-28,headphones,44.26,2,98101,88.52
1168,2026-05-23,notebook,7.57,1,98101,7.57
1282,2026-04-21,webcam,43.28,5,10001,216.4
1238,2026-05-27,webcam,90.7,3,30303,272.1
1288,2026-05-30,monitor,348.68,1,10001,348.68
1113,2026-04-27,pen set,15.27,5,98101,76.35
1101,2026-05-12,keyboard,37.53,3,2116,112.59
1207,2026-04-14,notebook,9.37,4,60614,37.48
1138,2026-05-25,notebook,7.2,5,2134,36.0
1163,2026-04-12,desk lamp,34.83,4,10001,139.32
1060,2026-04-07,keyboard,43.17,5,60614,215.85000000000002
1199,2026-04-18,charger,37.53,5,30303,187.65
1018,2026-05-04,monitor,37.53,4,10001,150.12
1243,2026-04-30,monitor,217.65,2,10001,435.3
1070,2026-04-26,webcam,42.43,4,90210,169.72
1289,2026-05-08,keyboard,43.55,4,10001,174.2
1278,2026-04-26,notebook,6.56,4,10001,26.24
1170,2026-04-04,monitor,37.53,1,2116,37.53
1230,2026-04-02,desk lamp,26.4,3,90405,79.19999999999999
1258,2026-05-29,desk lamp,16.82,5,60614,84.1
1217,2026-05-13,mug,6.94,5,60614,34.7
1171,2026-05-13,webcam,32.38,1,98101,32.38
1022,2026-05-07,notebook,7.92,3,2134,23.759999999999998
1231,2026-04-11,keyboard,60.29,2,90210,120.58
1264,2026-05-20,keyboard,82.42,4,90405,329.68
1246,2026-04-25,desk lamp,13.89,3,10001,41.67
1132,2026-05-01,backpack,44.32,3,30303,132.96
1262,2026-05-15,keyboard,50.7,1,90405,50.7
1188,2026-05-26,mug,10.09,3,98101,30.27
1094,2026-04-17,charger,17.17,3,2134,51.510000000000005
1118,2026-04-15,webcam,114.44,4,60614,457.76
1086,2026-04-20,backpack,69.59,1,90405,69.59
1287,2026-04-26,headphones,97.24,1,2116,97.24
1248,2026-05-25,desk lamp,10.8,2,10001,21.6
1111,2026-05-05,charger,28.37,1,2134,28.37
1172,2026-04-15,monitor,244.86,2,60614,489.72
1084,2026-05-21,desk lamp,16.35,2,98101,32.7
1222,2026-04-04,pen set,4.91,3,10001,14.73
1024,2026-05-20,webcam,43.72,5,2134,218.6
1126,2026-05-07,webcam,69.77,5,10001,348.84999999999997
1062,2026-05-15,monitor,207.98,2,2116,415.96
1244,2026-04-18,desk lamp,23.89,3,2134,71.67
1078,2026-05-21,monitor,145.57,3,2134,436.71
1099,2026-05-15,charger,13.54,4,90210,54.16
1050,2026-05-03,backpack,40.15,5,90210,200.75
1125,2026-04-11,mug,13.44,2,60614,26.88
1182,2026-04-15,webcam,46.76,1,30303,46.76
1259,2026-05-15,webcam,96.74,5,98101,483.7
1061,2026-04-21,monitor,193.29,2,2116,386.58
1176,2026-05-11,webcam,63.07,4,90210,252.28
1197,2026-05-13,pen set,9.62,4,30303,38.48
1069,2026-04-18,notebook,2.93,4,60614,11.72
1036,2026-04-08,notebook,5.33,1,10001,5.33
1040,2026-05-08,pen set,37.53,3,2134,112.59
1145,2026-05-19,notebook,4.87,5,2116,24.35
1228,2026-05-04,backpack,20.92,5,90405,104.60000000000001
1234,2026-05-06,keyboard,69.74,3,2116,209.21999999999997
1206,2026-04-15,keyboard,24.18,3,10001,72.53999999999999
1153,2026-04-16,monitor,260.06,3,2116,780.1800000000001
1239,2026-04-04,mug,6.08,1,90210,6.08
1098,2026-05-05,desk lamp,20.35,5,98101,101.75
1184,2026-05-14,pen set,13.45,3,10001,40.349999999999994
1046,2026-04-17,monitor,240.02,4,10001,960.08
1245,2026-04-07,monitor,178.24,5,60614,891.2
1115,2026-05-02,mug,6.33,3,60614,18.990000000000002
1240,2026-04-16,headphones,37.53,1,60614,37.53
1129,2026-04-29,keyboard,22.32,4,60614,89.28
1059,2026-04-06,webcam,69.05,5,2116,345.25
1128,2026-04-17,keyboard,54.63,5,98101,273.15000000000003
1286,2026-05-22,mug,6.15,5,98101,30.75
1015,2026-05-24,monitor,186.46,5,90405,932.3000000000001
1007,2026-04-27,mug,12.27,2,30303,24.54
1272,2026-04-12,backpack,20.33,4,2134,81.32
1139,2026-05-20,notebook,8.02,1,60614,8.02
1198,2026-05-30,keyboard,69.65,4,98101,278.6
1161,2026-05-06,notebook,6.78,3,2116,20.34
1194,2026-04-16,notebook,7.77,2,2134,15.54
1089,2026-04-12,headphones,53.75,1,90210,53.75
1267,2026-04-16,mug,5.07,3,2134,15.21
1097,2026-05-19,charger,20.75,1,30303,20.75
1008,2026-04-22,charger,13.26,4,10001,53.04
1028,2026-05-17,backpack,33.25,1,2116,33.25
1027,2026-04-20,monitor,210.03,3,90210,630.09
1122,2026-05-09,mug,8.68,5,90405,43.4
1052,2026-05-14,pen set,9.93,2,2116,19.86
1263,2026-05-10,backpack,31.28,1,2116,31.28
1058,2026-04-18,pen set,7.68,1,10001,7.68
1235,2026-04-17,desk lamp,20.14,5,98101,100.7
1187,2026-05-14,mug,8.59,4,90405,34.36
1261,2026-05-09,desk lamp,37.53,2,90405,75.06
1213,2026-04-27,pen set,7.71,4,2134,30.84
1031,2026-05-12,pen set,7.76,2,2116,15.52
1001,2026-05-02,notebook,3.03,4,30303,12.12
1156,2026-04-06,webcam,68.75,1,90405,68.75
1013,2026-04-10,headphones,76.53,4,98101,306.12
1009,2026-05-15,monitor,206.82,1,2116,206.82
1277,2026-05-27,pen set,9.71,3,2134,29.130000000000003
1095,2026-05-24,notebook,6.57,2,2134,13.14
1034,2026-04-16,monitor,282.06,2,98101,564.12
1096,2026-04-25,notebook,6.58,5,30303,32.9
1290,2026-05-05,charger,45.63,2,60614,91.26
1174,2026-04-26,notebook,6.99,5,90405,34.95
1154,2026-04-28,monitor,204.7,5,60614,1023.5
1181,2026-04-29,keyboard,49.26,4,10001,197.04
1045,2026-04-26,desk lamp,14.34,1,10001,14.34
1211,2026-05-15,charger,11.31,4,2116,45.24
1032,2026-04-21,charger,9.04,2,2134,18.08
1077,2026-05-15,pen set,6.68,3,98101,20.04
1214,2026-05-02,webcam,52.33,3,2134,156.99
1133,2026-04-24,mug,4.88,4,30303,19.52
1144,2026-05-03,charger,24.09,3,2116,72.27
1063,2026-05-27,backpack,24.75,2,90210,49.5
1082,2026-04-07,pen set,13.34,2,2116,26.68
1215,2026-05-07,mug,6.93,3,2116,20.79
1208,2026-04-27,headphones,71.3,5,98101,356.5
1216,2026-05-02,desk lamp,10.31,2,90405,20.62
1041,2026-04-11,mug,8.64,3,10001,25.92
1173,2026-05-01,charger,5.31,1,30303,5.31
1109,2026-04-03,notebook,8.48,2,90210,16.96
1190,2026-04-19,backpack,34.13,3,60614,102.39000000000001
1202,2026-04-07,webcam,114.24,4,30303,456.96
1121,2026-05-14,webcam,86.42,4,90405,345.68
1051,2026-05-10,backpack,21.15,3,2116,63.449999999999996
1056,2026-05-09,webcam,90.06,2,90405,180.12
1253,2026-04-10,webcam,86.21,1,2134,86.21
1158,2026-05-21,webcam,48.56,3,90210,145.68
1085,2026-04-29,webcam,43.14,1,60614,43.14
1120,2026-05-14,mug,9.1,1,10001,9.1
1283,2026-05-09,keyboard,45.46,4,10001,181.84
1285,2026-04-27,headphones,101.9,4,2134,407.6
1212,2026-05-25,backpack,41.35,5,90210,206.75
1270,2026-04-11,monitor,122.55,3,90405,367.65
1087,2026-05-06,webcam,85.32,1,90210,85.32
1165,2026-04-08,keyboard,46.46,4,30303,185.84
1105,2026-05-18,pen set,8.01,4,30303,32.04
1223,2026-04-21,monitor,341.77,5,90210,1708.85
1049,2026-04-18,headphones,47.62,3,2134,142.85999999999999
1274,2026-04-12,keyboard,33.48,2,60614,66.96
1005,2026-05-24,monitor,37.53,2,2134,75.06
1017,2026-05-17,keyboard,49.79,1,2116,49.79
1226,2026-05-24,keyboard,40.18,2,30303,80.36
1116,2026-04-01,pen set,13.49,1,60614,13.49
1242,2026-05-24,charger,21.66,2,2116,43.32
1106,2026-05-17,charger,27.5,5,90405,137.5
1162,2026-05-07,headphones,62.95,4,90405,251.8
1134,2026-05-17,notebook,5.09,5,98101,25.45
1227,2026-05-29,webcam,47.4,4,90405,189.6
1064,2026-05-24,notebook,10.97,1,90210,10.97
1026,2026-05-30,pen set,9.51,3,2116,28.53
1210,2026-05-16,backpack,41.26,1,2116,41.26
1180,2026-04-20,headphones,50.53,3,2134,151.59
1100,2026-05-29,keyboard,47.47,3,98101,142.41
1135,2026-05-08,notebook,6.3,1,2134,6.3
1281,2026-05-26,desk lamp,39.7,1,98101,39.7
1268,2026-05-05,webcam,121.94,1,60614,121.94
1117,2026-05-14,monitor,199.12,3,98101,597.36
1166,2026-04-17,keyboard,42.39,3,98101,127.17
1241,2026-05-22,mug,7.34,2,2134,14.68
1136,2026-04-15,charger,18.06,5,90210,90.3
1029,2026-05-25,charger,12.73,3,60614,38.19
1079,2026-04-16,charger,11.62,1,98101,11.62
1140,2026-04-18,webcam,38.69,5,98101,193.45
1157,2026-04-25,charger,16.85,3,2116,50.550000000000004
1131,2026-05-29,mug,5.16,5,10001,25.8
1039,2026-04-19,monitor,194.19,4,2116,776.76
1236,2026-04-20,monitor,236.08,1,2134,236.08
1205,2026-05-23,headphones,49.17,4,30303,196.68
1054,2026-04-09,webcam,46.37,2,60614,92.74
1200,2026-04-05,charger,10.31,4,2134,41.24
1043,2026-04-18,pen set,7.19,3,30303,21.57
1284,2026-05-10,monitor,273.79,3,2116,821.3700000000001
1048,2026-05-28,headphones,64.8,3,90405,194.39999999999998
1035,2026-05-15,desk lamp,17.31,4,90405,69.24
1143,2026-04-07,monitor,136.74,1,2134,136.74
1053,2026-05-07,webcam,91.68,4,30303,366.72
1020,2026-05-22,monitor,251.21,4,60614,1004.84
1124,2026-05-04,webcam,92.23,1,10001,92.23
1142,2026-05-20,pen set,13.18,4,98101,52.72
1110,2026-05-28,headphones,55.19,4,60614,220.76
1232,2026-04-04,backpack,43.48,5,60614,217.39999999999998
1076,2026-04-01,mug,8.67,1,30303,8.67
1271,2026-04-08,mug,5.16,1,90405,5.16
1107,2026-04-30,monitor,329.56,3,2116,988.6800000000001
1093,2026-04-14,monitor,479.29,1,90210,479.29
1012,2026-04-20,monitor,133.4,1,90210,133.4
1016,2026-05-20,desk lamp,25.95,4,90210,103.8
1047,2026-04-10,charger,17.34,3,60614,52.019999999999996
1186,2026-04-25,keyboard,42.26,4,2116,169.04
1203,2026-05-29,pen set,17.02,2,2116,34.04
1256,2026-04-28,desk lamp,45.02,5,90210,225.10000000000002
1119,2026-05-18,pen set,11.07,5,2134,55.35
1021,2026-05-04,notebook,6.35,4,60614,25.4
1146,2026-04-06,notebook,5.29,1,2116,5.29
1178,2026-05-28,monitor,316.56,5,60614,1582.8
1083,2026-05-02,webcam,38.9,5,90210,194.5
1130,2026-04-06,notebook,6.23,4,10001,24.92
1159,2026-05-26,webcam,43.96,3,2134,131.88
1127,2026-04-01,pen set,14.33,2,2116,28.66
1209,2026-05-28,desk lamp,13.3,1,2134,13.3
1221,2026-05-03,charger,13.33,2,90210,26.66
1073,2026-04-19,pen set,10.87,3,30303,32.61
1229,2026-05-30,keyboard,37.48,5,2116,187.39999999999998
1033,2026-04-30,backpack,43.71,5,2116,218.55
1030,2026-04-30,webcam,76.0,1,10001,76.0
1255,2026-04-30,desk lamp,12.52,3,2134,37.56
1265,2026-04-15,pen set,14.44,5,90210,72.2
1004,2026-05-03,mug,11.87,4,10001,47.48
1155,2026-04-08,charger,37.53,3,2134,112.59
1019,2026-04-15,headphones,53.58,3,2134,160.74
1225,2026-05-28,headphones,43.53,1,2116,43.53
1219,2026-05-11,keyboard,55.12,1,90405,55.12
1123,2026-04-19,mug,7.6,2,90210,15.2
1149,2026-04-23,monitor,247.72,4,2134,990.88
1224,2026-04-22,pen set,6.12,2,90210,12.24
1247,2026-05-02,headphones,41.25,4,90405,165.0
1266,2026-04-04,mug,5.46,1,90210,5.46
1151,2026-05-23,headphones,55.22,4,60614,220.88
1233,2026-05-09,desk lamp,22.64,4,10001,90.56
1010,2026-04-25,webcam,56.38,4,90405,225.52
1071,2026-04-06,keyboard,62.01,5,2116,310.05
1252,2026-04-06,backpack,41.89,1,2134,41.89
1092,2026-05-03,mug,6.21,5,2134,31.05
1192,2026-04-02,keyboard,32.97,3,10001,98.91
1257,2026-04-18,keyboard,32.92,4,90405,131.68
1291,2026-05-05,backpack,53.34,3,30303,160.02
1195,2026-04-26,charger,18.17,5,90405,90.85000000000001
1137,2026-05-19,monitor,191.76,1,90210,191.76
1260,2026-04-07,pen set,11.26,2,60614,22.52
1038,2026-04-02,headphones,35.57,1,98101,35.57
1201,2026-05-09,headphones,39.08,4,60614,156.32
1189,2026-05-12,backpack,42.15,3,98101,126.44999999999999
1251,2026-05-07,keyboard,45.93,4,2134,183.72
1112,2026-05-28,headphones,57.63,5,30303,288.15000000000003
1183,2026-04-12,webcam,37.58,1,90405,37.58
1152,2026-05-03,monitor,284.18,1,90405,284.18
1191,2026-05-05,pen set,5.82,5,10001,29.1
1044,2026-05-07,webcam,40.15,3,60614,120.44999999999999
1275,2026-05-02,headphones,67.38,2,2116,134.76
1006,2026-04-10,keyboard,44.22,5,98101,221.1
1250,2026-04-30,desk lamp,16.1,5,10001,80.5
1075,2026-05-21,headphones,62.76,3,2134,188.28
1000,2026-04-26,notebook,4.17,4,98101,16.68
1068,2026-04-17,webcam,106.38,1,90210,106.38
1167,2026-04-24,desk lamp,17.81,2,10001,35.62
1218,2026-05-03,monitor,161.94,2,30303,323.88
1042,2026-05-11,pen set,10.2,2,2134,20.4
1072,2026-05-29,keyboard,37.99,1,90405,37.99
1023,2026-04-17,backpack,51.31,3,10001,153.93
1185,2026-05-21,notebook,3.33,1,98101,3.33
1103,2026-04-21,pen set,16.47,3,90405,49.41
1067,2026-04-27,backpack,37.93,5,90210,189.65
1025,2026-04-27,keyboard,47.3,2,2116,94.6
1196,2026-04-25,pen set,8.79,3,90405,26.369999999999997
1175,2026-05-16,mug,4.63,4,10001,18.52
